"location","source","target","id","fuzzy","context","translator_comments","developer_comments"
"","Aaminiut","","","False","","https://pathfinderwiki.com/wiki/Aaminiut",""
"","Aaramor","","","False","","https://pathfinderwiki.com/wiki/Aaramor",""
"","Abberton","","","False","","https://pathfinderwiki.com/wiki/Abberton",""
"","Abken","","","False","","https://pathfinderwiki.com/wiki/Abken",""
"","Absalom","Абсалом","","False","","https://pathfinderwiki.com/wiki/Absalom",""
"","Acisazi","","","False","","https://pathfinderwiki.com/wiki/Acisazi",""
"","Acorn's Rest","","","False","","https://pathfinderwiki.com/wiki/Acorn's_Rest",""
"","Adhaarm","","","False","","https://pathfinderwiki.com/wiki/Adhaarm",""
"","Adrast","","","False","","https://pathfinderwiki.com/wiki/Adrast",""
"","Akafuto","","","False","","https://pathfinderwiki.com/wiki/Akafuto",""
"","Al-Hiraf","","","False","","https://pathfinderwiki.com/wiki/Al-Hiraf",""
"","Al-Varish","","","False","","https://pathfinderwiki.com/wiki/Al-Varish",""
"","Alabastrine","","","False","","https://pathfinderwiki.com/wiki/Alabastrine",""
"","Albatross","","","False","","https://pathfinderwiki.com/wiki/Albatross",""
"","Alendruan Harbor","","","False","","https://pathfinderwiki.com/wiki/Alendruan_Harbor",""
"","Algidheart","","","False","","https://pathfinderwiki.com/wiki/Algidheart",""
"","Alkenstar City","","","False","","https://pathfinderwiki.com/wiki/Alkenstar_City",""
"","Almas","","","False","","https://pathfinderwiki.com/wiki/Almas",""
"","Alvis","","","False","","https://pathfinderwiki.com/wiki/Alvis",""
"","An","","","False","","https://pathfinderwiki.com/wiki/An",""
"","An-Alak","","","False","","https://pathfinderwiki.com/wiki/An-Alak",""
"","Anactoria","","","False","","https://pathfinderwiki.com/wiki/Anactoria",""
"","Anthusis","","","False","","https://pathfinderwiki.com/wiki/Anthusis",""
"","Antoll","","","False","","https://pathfinderwiki.com/wiki/Antoll",""
"","Anuli","","","False","","https://pathfinderwiki.com/wiki/Anuli",""
"","Apertan","","","False","","https://pathfinderwiki.com/wiki/Apertan",""
"","Aphet East","","","False","","https://pathfinderwiki.com/wiki/Aphet_East",""
"","Ardagh","","","False","","https://pathfinderwiki.com/wiki/Ardagh",""
"","Ardis","","","False","","https://pathfinderwiki.com/wiki/Ardis",""
"","Arena","","","False","","https://pathfinderwiki.com/wiki/Arena",""
"","Arsmeril","","","False","","https://pathfinderwiki.com/wiki/Arsmeril",""
"","Artume","","","False","","https://pathfinderwiki.com/wiki/Artume",""
"","Arwyll Stead","","","False","","https://pathfinderwiki.com/wiki/Arwyll_Stead",""
"","Ash Hollow","","","False","","https://pathfinderwiki.com/wiki/Ash_Hollow",""
"","Asleifar","","","False","","https://pathfinderwiki.com/wiki/Asleifar",""
"","Aspenthar","","","False","","https://pathfinderwiki.com/wiki/Aspenthar",""
"","Asre","","","False","","https://pathfinderwiki.com/wiki/Asre",""
"","Auginford","","","False","","https://pathfinderwiki.com/wiki/Auginford",""
"","Augustana","","","False","","https://pathfinderwiki.com/wiki/Augustana",""
"","Avendale","","","False","","https://pathfinderwiki.com/wiki/Avendale",""
"","Avennara","","","False","","https://pathfinderwiki.com/wiki/Avennara",""
"","Averaka","","","False","","https://pathfinderwiki.com/wiki/Averaka",""
"","Avilan","","","False","","https://pathfinderwiki.com/wiki/Avilan",""
"","Ayajinbo","","","False","","https://pathfinderwiki.com/wiki/Ayajinbo",""
"","Ayesh","","","False","","https://pathfinderwiki.com/wiki/Ayesh",""
"","Azad","","","False","","https://pathfinderwiki.com/wiki/Azad",""
"","Azir","","","False","","https://pathfinderwiki.com/wiki/Azir",""
"","Azurestone","","","False","","https://pathfinderwiki.com/wiki/Azurestone",""
"","Babschu-Jong","","","False","","https://pathfinderwiki.com/wiki/Babschu-Jong",""
"","Bacul Gruii","","","False","","https://pathfinderwiki.com/wiki/Bacul_Gruii",""
"","Badelund","","","False","","https://pathfinderwiki.com/wiki/Badelund",""
"","Baghava","","","False","","https://pathfinderwiki.com/wiki/Baghava",""
"","Baldachin","","","False","","https://pathfinderwiki.com/wiki/Baldachin",""
"","Banukmaud","","","False","","https://pathfinderwiki.com/wiki/Banukmaud",""
"","Baslwief","","","False","","https://pathfinderwiki.com/wiki/Baslwief",""
"","Beachcomber","","","False","","https://pathfinderwiki.com/wiki/Beachcomber",""
"","Belde","","","False","","https://pathfinderwiki.com/wiki/Belde",""
"","Belhaim","","","False","","https://pathfinderwiki.com/wiki/Belhaim",""
"","Belila","","","False","","https://pathfinderwiki.com/wiki/Belila",""
"","Bellis","","","False","","https://pathfinderwiki.com/wiki/Bellis",""
"","Berus","","","False","","https://pathfinderwiki.com/wiki/Berus",""
"","Bildt","","","False","","https://pathfinderwiki.com/wiki/Bildt",""
"","Biston","","","False","","https://pathfinderwiki.com/wiki/Biston",""
"","Bitter Hollow","","","False","","https://pathfinderwiki.com/wiki/Bitter_Hollow",""
"","Blackblood Cay","","","False","","https://pathfinderwiki.com/wiki/Blackblood_Cay",""
"","Blackcove","","","False","","https://pathfinderwiki.com/wiki/Blackcove",""
"","Blackpipe","","","False","","https://pathfinderwiki.com/wiki/Blackpipe",""
"","Blackridge","","","False","","https://pathfinderwiki.com/wiki/Blackridge",""
"","Blackwood Moot","","","False","","https://pathfinderwiki.com/wiki/Blackwood_Moot",""
"","Blisterwell","","","False","","https://pathfinderwiki.com/wiki/Blisterwell",""
"","Bloodcove","","","False","","https://pathfinderwiki.com/wiki/Bloodcove",""
"","Bluestone","","","False","","https://pathfinderwiki.com/wiki/Bluestone",""
"","Bogsbridge","","","False","","https://pathfinderwiki.com/wiki/Bogsbridge",""
"","Bolgrad","","","False","","https://pathfinderwiki.com/wiki/Bolgrad",""
"","Bosco","","","False","","https://pathfinderwiki.com/wiki/Bosco",""
"","Bosorka","","","False","","https://pathfinderwiki.com/wiki/Bosorka",""
"","Botosani","","","False","","https://pathfinderwiki.com/wiki/Botosani",""
"","Bovodport","","","False","","https://pathfinderwiki.com/wiki/Bovodport",""
"","Braganza","","","False","","https://pathfinderwiki.com/wiki/Braganza",""
"","Brastlewark","","","False","","https://pathfinderwiki.com/wiki/Brastlewark",""
"","Breachill","","","False","","https://pathfinderwiki.com/wiki/Breachill",""
"","Brimstone Springs","","","False","","https://pathfinderwiki.com/wiki/Brimstone_Springs",""
"","Brinewall","","","False","","https://pathfinderwiki.com/wiki/Brinewall",""
"","Bronze Hook","","","False","","https://pathfinderwiki.com/wiki/Bronze_Hook",""
"","Brunderton","","","False","","https://pathfinderwiki.com/wiki/Brunderton",""
"","Bug Harbor","","","False","","https://pathfinderwiki.com/wiki/Bug_Harbor",""
"","Bundózo","","","False","","https://pathfinderwiki.com/wiki/Bundózo",""
"","Butraf","","","False","","https://pathfinderwiki.com/wiki/Butraf",""
"","Caldamin","","","False","","https://pathfinderwiki.com/wiki/Caldamin",""
"","Caliphas","","","False","","https://pathfinderwiki.com/wiki/Caliphas_(city)",""
"","Canorate","","","False","","https://pathfinderwiki.com/wiki/Canorate",""
"","Carpenden","","","False","","https://pathfinderwiki.com/wiki/Carpenden",""
"","Carrion Hill","","","False","","https://pathfinderwiki.com/wiki/Carrion_Hill",""
"","Cascina","","","False","","https://pathfinderwiki.com/wiki/Cascina",""
"","Cassomir","","","False","","https://pathfinderwiki.com/wiki/Cassomir",""
"","Castle Everstand","","","False","","https://pathfinderwiki.com/wiki/Castle_Everstand",""
"","Castle Firrine","","","False","","https://pathfinderwiki.com/wiki/Castle_Firrine",""
"","Castle Odranto","","","False","","https://pathfinderwiki.com/wiki/Castle_Odranto",""
"","Castle Urion","","","False","","https://pathfinderwiki.com/wiki/Castle_Urion",""
"","Cavlinor","","","False","","https://pathfinderwiki.com/wiki/Cavlinor",""
"","Cedar Court","","","False","","https://pathfinderwiki.com/wiki/Cedar_Court",""
"","Celwynvian","","","False","","https://pathfinderwiki.com/wiki/Celwynvian",""
"","Cesca","","","False","","https://pathfinderwiki.com/wiki/Cesca",""
"","Cettigne","","","False","","https://pathfinderwiki.com/wiki/Cettigne",""
"","Chalk Harbor","","","False","","https://pathfinderwiki.com/wiki/Chalk_Harbor",""
"","Chalya","","","False","","https://pathfinderwiki.com/wiki/Chalya",""
"","Changdo","","","False","","https://pathfinderwiki.com/wiki/Changdo",""
"","Chastel","","","False","","https://pathfinderwiki.com/wiki/Chastel",""
"","Chateau Douleurs","","","False","","https://pathfinderwiki.com/wiki/Chateau_Douleurs",""
"","Chennipon","","","False","","https://pathfinderwiki.com/wiki/Chennipon",""
"","Chesed","","","False","","https://pathfinderwiki.com/wiki/Chesed",""
"","Chillblight","","","False","","https://pathfinderwiki.com/wiki/Chillblight",""
"","Chilémbi","","","False","","https://pathfinderwiki.com/wiki/Chilémbi",""
"","Chimera Cove","","","False","","https://pathfinderwiki.com/wiki/Chimera_Cove",""
"","Chiron","","","False","","https://pathfinderwiki.com/wiki/Chiron",""
"","Chitterhome","","","False","","https://pathfinderwiki.com/wiki/Chitterhome",""
"","Cho-Tzu","","","False","","https://pathfinderwiki.com/wiki/Cho-Tzu",""
"","Ciricskree","","","False","","https://pathfinderwiki.com/wiki/Ciricskree",""
"","City of Bone and Juniper","","","False","","https://pathfinderwiki.com/wiki/City_of_Bone_and_Juniper",""
"","Claes","","","False","","https://pathfinderwiki.com/wiki/Claes",""
"","Clear Waters","","","False","","https://pathfinderwiki.com/wiki/Clear_Waters",""
"","Coldwater","","","False","","https://pathfinderwiki.com/wiki/Coldwater",""
"","Colvaas Gibbet","","","False","","https://pathfinderwiki.com/wiki/Colvaas_Gibbet",""
"","Commonfield","","","False","","https://pathfinderwiki.com/wiki/Commonfield",""
"","Copperwood","","","False","","https://pathfinderwiki.com/wiki/Copperwood",""
"","Coralesian","","","False","","https://pathfinderwiki.com/wiki/Coralesian",""
"","Corentyn","","","False","","https://pathfinderwiki.com/wiki/Corentyn",""
"","Corpselight","","","False","","https://pathfinderwiki.com/wiki/Corpselight_(Geb)",""
"","Corvischior","","","False","","https://pathfinderwiki.com/wiki/Corvischior",""
"","Court of Endless Revelry","","","False","","https://pathfinderwiki.com/wiki/Court_of_Endless_Revelry",""
"","Court of Seasons","","","False","","https://pathfinderwiki.com/wiki/Court_of_Seasons",""
"","Courtaud","","","False","","https://pathfinderwiki.com/wiki/Courtaud",""
"","Crooked Cove","","","False","","https://pathfinderwiki.com/wiki/Crooked_Cove",""
"","Crossfen","","","False","","https://pathfinderwiki.com/wiki/Crossfen",""
"","Crosspine","","","False","","https://pathfinderwiki.com/wiki/Crosspine",""
"","Crown's End","","","False","","https://pathfinderwiki.com/wiki/Crown's_End",""
"","Crowstump","","","False","","https://pathfinderwiki.com/wiki/Crowstump",""
"","Crowtop","","","False","","https://pathfinderwiki.com/wiki/Crowtop",""
"","Crying Leaf","","","False","","https://pathfinderwiki.com/wiki/Crying_Leaf",""
"","Crystalcrag","","","False","","https://pathfinderwiki.com/wiki/Crystalcrag",""
"","Crystalhurst","","","False","","https://pathfinderwiki.com/wiki/Crystalhurst",""
"","Cutter's Holdout","","","False","","https://pathfinderwiki.com/wiki/Cutter's_Holdout",""
"","Cuttle","","","False","","https://pathfinderwiki.com/wiki/Cuttle",""
"","Cypress Point","","","False","","https://pathfinderwiki.com/wiki/Cypress_Point",""
"","Cyremium","","","False","","https://pathfinderwiki.com/wiki/Cyremium",""
"","Czarny Las","","","False","","https://pathfinderwiki.com/wiki/Czarny_Las",""
"","Dabril","","","False","","https://pathfinderwiki.com/wiki/Dabril",""
"","Daggermark","","","False","","https://pathfinderwiki.com/wiki/Daggermark",""
"","Dalaston","","","False","","https://pathfinderwiki.com/wiki/Dalaston",""
"","Dalun","","","False","","https://pathfinderwiki.com/wiki/Dalun",""
"","Dammartorp","","","False","","https://pathfinderwiki.com/wiki/Dammartorp",""
"","Darinkhuur","","","False","","https://pathfinderwiki.com/wiki/Darinkhuur",""
"","Davarn","","","False","","https://pathfinderwiki.com/wiki/Davarn",""
"","Dawnfoot","","","False","","https://pathfinderwiki.com/wiki/Dawnfoot",""
"","Deadbridge","","","False","","https://pathfinderwiki.com/wiki/Deadbridge",""
"","Deepgate","","","False","","https://pathfinderwiki.com/wiki/Deepgate",""
"","Deepmar Penal Colony","","","False","","https://pathfinderwiki.com/wiki/Deepmar_Penal_Colony",""
"","Dekarium","","","False","","https://pathfinderwiki.com/wiki/Dekarium",""
"","Delenah","","","False","","https://pathfinderwiki.com/wiki/Delenah",""
"","Delmon's Glen","","","False","","https://pathfinderwiki.com/wiki/Delmon's_Glen",""
"","Demgazi","","","False","","https://pathfinderwiki.com/wiki/Demgazi",""
"","Demirah","","","False","","https://pathfinderwiki.com/wiki/Demirah",""
"","Detmer","","","False","","https://pathfinderwiki.com/wiki/Detmer",""
"","Dhalanagar","","","False","","https://pathfinderwiki.com/wiki/Dhalanagar",""
"","Dhucharg","","","False","","https://pathfinderwiki.com/wiki/Dhucharg",""
"","Dimayen","","","False","","https://pathfinderwiki.com/wiki/Dimayen",""
"","Diobel","","","False","","https://pathfinderwiki.com/wiki/Diobel",""
"","Djefet","","","False","","https://pathfinderwiki.com/wiki/Djefet",""
"","Djeneg","","","False","","https://pathfinderwiki.com/wiki/Djeneg",""
"","Dobrova","","","False","","https://pathfinderwiki.com/wiki/Dobrova",""
"","Dokeran","","","False","","https://pathfinderwiki.com/wiki/Dokeran",""
"","Dongun Hold","","","False","","https://pathfinderwiki.com/wiki/Dongun_Hold",""
"","Doommark","","","False","","https://pathfinderwiki.com/wiki/Doommark",""
"","Downpour","","","False","","https://pathfinderwiki.com/wiki/Downpour",""
"","Dragonsthrall","","","False","","https://pathfinderwiki.com/wiki/Dragonsthrall",""
"","Dravod Knock","","","False","","https://pathfinderwiki.com/wiki/Dravod_Knock",""
"","Drenchport","","","False","","https://pathfinderwiki.com/wiki/Drenchport",""
"","Drezen","","","False","","https://pathfinderwiki.com/wiki/Drezen",""
"","Drowning Rock","","","False","","https://pathfinderwiki.com/wiki/Drowning_Rock",""
"","Dustpawn","","","False","","https://pathfinderwiki.com/wiki/Dustpawn",""
"","Duwwor","","","False","","https://pathfinderwiki.com/wiki/Duwwor",""
"","Dyinglight","","","False","","https://pathfinderwiki.com/wiki/Dyinglight",""
"","Eagle Garrison Fort","","","False","","https://pathfinderwiki.com/wiki/PathfinderWiki:Map_Locations_Without_Articles",""
"","Eagle's Head","","","False","","https://pathfinderwiki.com/wiki/Eagle's_Head",""
"","Eagle's Watch","","","False","","https://pathfinderwiki.com/wiki/Eagle's_Watch",""
"","East Rikkan","","","False","","https://pathfinderwiki.com/wiki/East_Rikkan",""
"","Ecanus","","","False","","https://pathfinderwiki.com/wiki/Ecanus",""
"","Edme","","","False","","https://pathfinderwiki.com/wiki/Edme",""
"","Egede","","","False","","https://pathfinderwiki.com/wiki/Egede",""
"","Egorian","","","False","","https://pathfinderwiki.com/wiki/Egorian",""
"","Ehur","","","False","","https://pathfinderwiki.com/wiki/Ehur",""
"","El-Fatar","","","False","","https://pathfinderwiki.com/wiki/El-Fatar",""
"","El-Shelad","","","False","","https://pathfinderwiki.com/wiki/El-Shelad",""
"","Elbistan","","","False","","https://pathfinderwiki.com/wiki/Elbistan",""
"","Eldentre","","","False","","https://pathfinderwiki.com/wiki/Eldentre",""
"","Elesomare","","","False","","https://pathfinderwiki.com/wiki/Elesomare",""
"","Elidir","","","False","","https://pathfinderwiki.com/wiki/Elidir",""
"","Elistia","","","False","","https://pathfinderwiki.com/wiki/Elistia",""
"","Elith Lorin","","","False","","https://pathfinderwiki.com/wiki/Elith_Lorin",""
"","Elokolobha","","","False","","https://pathfinderwiki.com/wiki/Elokolobha",""
"","Elsekulp","","","False","","https://pathfinderwiki.com/wiki/Elsekulp",""
"","Elyon","","","False","","https://pathfinderwiki.com/wiki/Elyon",""
"","Enganoka","","","False","","https://pathfinderwiki.com/wiki/PathfinderWiki:Map_Locations_Without_Articles",""
"","Erages","","","False","","https://pathfinderwiki.com/wiki/Erages",""
"","Eran's Rest","","","False","","https://pathfinderwiki.com/wiki/Eran's_Rest",""
"","Eranmas","","","False","","https://pathfinderwiki.com/wiki/Eranmas",""
"","Erekrus","","","False","","https://pathfinderwiki.com/wiki/Erekrus",""
"","Escadar","","","False","","https://pathfinderwiki.com/wiki/Escadar",""
"","Eto","","","False","","https://pathfinderwiki.com/wiki/Eto",""
"","Evaren","","","False","","https://pathfinderwiki.com/wiki/Evaren",""
"","Everpine","","","False","","https://pathfinderwiki.com/wiki/Everpine",""
"","Falchion Point","","","False","","https://pathfinderwiki.com/wiki/Falchion_Point",""
"","Falcon's Hollow","","","False","","https://pathfinderwiki.com/wiki/Falcon's_Hollow",""
"","Faldamont","","","False","","https://pathfinderwiki.com/wiki/Faldamont",""
"","Finder's Gulch","","","False","","https://pathfinderwiki.com/wiki/Finder's_Gulch",""
"","Finderplain","","","False","","https://pathfinderwiki.com/wiki/Finderplain",""
"","Flameford","","","False","","https://pathfinderwiki.com/wiki/Flameford",""
"","Flesk","","","False","","https://pathfinderwiki.com/wiki/Flesk",""
"","Folarth","","","False","","https://pathfinderwiki.com/wiki/Folarth",""
"","Fort Bandu","","","False","","https://pathfinderwiki.com/wiki/Fort_Bandu",""
"","Fort Benbem","","","False","","https://pathfinderwiki.com/wiki/Fort_Benbem",""
"","Fort Dagh","","","False","","https://pathfinderwiki.com/wiki/PathfinderWiki:Map_Locations_Without_Articles",""
"","Fort Drelev","","","False","","https://pathfinderwiki.com/wiki/Fort_Drelev",""
"","Fort Fang","","","False","","https://pathfinderwiki.com/wiki/Fort_Fang",""
"","Fort Holiday","","","False","","https://pathfinderwiki.com/wiki/Fort_Holiday",""
"","Fort Kragang","","","False","","https://pathfinderwiki.com/wiki/Fort_Kragang",""
"","Fort Liberthane","","","False","","https://pathfinderwiki.com/wiki/Fort_Liberthane",""
"","Fort Longjaw","","","False","","https://pathfinderwiki.com/wiki/Fort_Longjaw",""
"","Fort Ramgate","","","False","","https://pathfinderwiki.com/wiki/Fort_Ramgate",""
"","Fort Scourbone","","","False","","https://pathfinderwiki.com/wiki/PathfinderWiki:Map_Locations_Without_Articles",""
"","Franax","","","False","","https://pathfinderwiki.com/wiki/Franax",""
"","Free Station","","","False","","https://pathfinderwiki.com/wiki/Free_Station",""
"","Freedom Town","","","False","","https://pathfinderwiki.com/wiki/Freedom_Town",""
"","Frembrudd","","","False","","https://pathfinderwiki.com/wiki/Frembrudd",""
"","Fusil","","","False","","https://pathfinderwiki.com/wiki/Fusil",""
"","Gadbadigat","","","False","","https://pathfinderwiki.com/wiki/Gadbadigat",""
"","Galduria","","","False","","https://pathfinderwiki.com/wiki/Galduria",""
"","Galizhur","","","False","","https://pathfinderwiki.com/wiki/Galizhur",""
"","Ganagsau","","","False","","https://pathfinderwiki.com/wiki/Ganagsau",""
"","Ganda-Uj","","","False","","https://pathfinderwiki.com/wiki/Ganda-Uj",""
"","Gardens of Shepeska","","","False","","https://pathfinderwiki.com/wiki/Gardens_of_Shepeska",""
"","Garizés City","","","False","","https://pathfinderwiki.com/wiki/Garizés_City",""
"","Gazibilah","","","False","","https://pathfinderwiki.com/wiki/PathfinderWiki:Map_Locations_Without_Articles",""
"","Geb's Rest","","","False","","https://pathfinderwiki.com/wiki/Geb's_Rest",""
"","Genzei","","","False","","https://pathfinderwiki.com/wiki/Genzei",""
"","Gholinom","","","False","","https://pathfinderwiki.com/wiki/Gholinom",""
"","Ghrinitshahara","","","False","","https://pathfinderwiki.com/wiki/Ghrinitshahara",""
"","Gildside","","","False","","https://pathfinderwiki.com/wiki/Gildside",""
"","Gillamoor","","","False","","https://pathfinderwiki.com/wiki/Gillamoor",""
"","Gitna","","","False","","https://pathfinderwiki.com/wiki/Gitna",""
"","Glimmerhold","","","False","","https://pathfinderwiki.com/wiki/Glimmerhold",""
"","Goatshead","","","False","","https://pathfinderwiki.com/wiki/Goatshead",""
"","Gojko","","","False","","https://pathfinderwiki.com/wiki/Gojko",""
"","Goka","","","False","","https://pathfinderwiki.com/wiki/Goka",""
"","Golquila","","","False","","https://pathfinderwiki.com/wiki/Golquila",""
"","Golsifar","","","False","","https://pathfinderwiki.com/wiki/Golsifar",""
"","Gralton","","","False","","https://pathfinderwiki.com/wiki/Gralton",""
"","Grand Pass","","","False","","https://pathfinderwiki.com/wiki/Grand_Pass",""
"","Grandfather's Arms","","","False","","https://pathfinderwiki.com/wiki/PathfinderWiki:Map_Locations_Without_Articles",""
"","Graybanks","","","False","","https://pathfinderwiki.com/wiki/Graybanks",""
"","Grayce","","","False","","https://pathfinderwiki.com/wiki/Grayce",""
"","Graydirge","","","False","","https://pathfinderwiki.com/wiki/Graydirge",""
"","Grayhaven","","","False","","https://pathfinderwiki.com/wiki/Grayhaven",""
"","Graymoor","","","False","","https://pathfinderwiki.com/wiki/Graymoor",""
"","Greenblood","","","False","","https://pathfinderwiki.com/wiki/Greenblood",""
"","Greenglade","","","False","","https://pathfinderwiki.com/wiki/Greenglade",""
"","Greengold","","","False","","https://pathfinderwiki.com/wiki/Greengold",""
"","Gujaraldi","","","False","","https://pathfinderwiki.com/wiki/Gujaraldi",""
"","Gulshire","","","False","","https://pathfinderwiki.com/wiki/Gulshire",""
"","Gundrun","","","False","","https://pathfinderwiki.com/wiki/Gundrun",""
"","Gunworks","","","False","","https://pathfinderwiki.com/wiki/Gunworks",""
"","Gurat","","","False","","https://pathfinderwiki.com/wiki/Gurat",""
"","Hagby","","","False","","https://pathfinderwiki.com/wiki/Hagby",""
"","Haigui Wan","","","False","","https://pathfinderwiki.com/wiki/Haigui_Wan",""
"","Hajoth Hakados","","","False","","https://pathfinderwiki.com/wiki/Hajoth_Hakados",""
"","Halabad","","","False","","https://pathfinderwiki.com/wiki/Halabad",""
"","Haldun","","","False","","https://pathfinderwiki.com/wiki/Haldun",""
"","Halgrim","","","False","","https://pathfinderwiki.com/wiki/Halgrim",""
"","Halidon","","","False","","https://pathfinderwiki.com/wiki/Halidon",""
"","Hallein Town","","","False","","https://pathfinderwiki.com/wiki/Hallein_Town",""
"","Halmyris","","","False","","https://pathfinderwiki.com/wiki/Halmyris",""
"","Halvon","","","False","","https://pathfinderwiki.com/wiki/Halvon",""
"","Hanpa","","","False","","https://pathfinderwiki.com/wiki/Hanpa",""
"","Harse","","","False","","https://pathfinderwiki.com/wiki/Harse",""
"","Haseong","","","False","","https://pathfinderwiki.com/wiki/Haseong",""
"","Hatavit","","","False","","https://pathfinderwiki.com/wiki/Hatavit",""
"","Haugin's Ear","","","False","","https://pathfinderwiki.com/wiki/Haugin's_Ear",""
"","Haven (Tusk_Mountains)","","","False","","https://pathfinderwiki.com/wiki/Haven_(Tusk_Mountains)",""
"","Haven","","","False","","https://pathfinderwiki.com/wiki/Haven",""
"","Hawah","","","False","","https://pathfinderwiki.com/wiki/Hawah",""
"","Hazrak","","","False","","https://pathfinderwiki.com/wiki/Hazrak",""
"","Heger","","","False","","https://pathfinderwiki.com/wiki/Heger",""
"","Heggapnod","","","False","","https://pathfinderwiki.com/wiki/Heggapnod",""
"","Heldren","","","False","","https://pathfinderwiki.com/wiki/Heldren",""
"","Helkgen","","","False","","https://pathfinderwiki.com/wiki/Helkgen",""
"","Hell Harbor","","","False","","https://pathfinderwiki.com/wiki/Hell_Harbor",""
"","Hellirinn","","","False","","https://pathfinderwiki.com/wiki/Hellirinn",""
"","Helsingbyen","","","False","","https://pathfinderwiki.com/wiki/Helsingbyen",""
"","Heslandaena","","","False","","https://pathfinderwiki.com/wiki/Heslandaena",""
"","Hidden Lake","","","False","","https://pathfinderwiki.com/wiki/Hidden_Lake",""
"","High Isle","","","False","","https://pathfinderwiki.com/wiki/High_Isle",""
"","Highdelve","","","False","","https://pathfinderwiki.com/wiki/Highdelve",""
"","Highhelm","","","False","","https://pathfinderwiki.com/wiki/Highhelm",""
"","Hillcross","","","False","","https://pathfinderwiki.com/wiki/Hillcross",""
"","Hinji","","","False","","https://pathfinderwiki.com/wiki/Hinji",""
"","Hisuikarasu","","","False","","https://pathfinderwiki.com/wiki/Hisuikarasu",""
"","Hiyosai","","","False","","https://pathfinderwiki.com/wiki/Hiyosai",""
"","Hoarwood","","","False","","https://pathfinderwiki.com/wiki/Hoarwood",""
"","Holvirgang","","","False","","https://pathfinderwiki.com/wiki/Holvirgang",""
"","Hunthul","","","False","","https://pathfinderwiki.com/wiki/Hunthul",""
"","Husanah","","","False","","https://pathfinderwiki.com/wiki/Husanah",""
"","Hyannis","","","False","","https://pathfinderwiki.com/wiki/Hyannis",""
"","Hyrantam","","","False","","https://pathfinderwiki.com/wiki/Hyrantam",""
"","Iadara","","","False","","https://pathfinderwiki.com/wiki/Iadara",""
"","Iadenveigh","","","False","","https://pathfinderwiki.com/wiki/Iadenveigh",""
"","Iarna","","","False","","https://pathfinderwiki.com/wiki/Iarna",""
"","Icebow Bridge","","","False","","https://pathfinderwiki.com/wiki/PathfinderWiki:Map_Locations_Without_Articles",""
"","Icestair","","","False","","https://pathfinderwiki.com/wiki/Icestair",""
"","Ihalar","","","False","","https://pathfinderwiki.com/wiki/Ihalar",""
"","Ilizmagorti","","","False","","https://pathfinderwiki.com/wiki/Ilizmagorti",""
"","Illmarsh","","","False","","https://pathfinderwiki.com/wiki/Illmarsh",""
"","Ilsurian","","","False","","https://pathfinderwiki.com/wiki/Ilsurian",""
"","Inahiyi","","","False","","https://pathfinderwiki.com/wiki/Inahiyi",""
"","Indapatta","","","False","","https://pathfinderwiki.com/wiki/Indapatta",""
"","Ipeq","","","False","","https://pathfinderwiki.com/wiki/Ipeq",""
"","Iqaliat","","","False","","https://pathfinderwiki.com/wiki/Iqaliat",""
"","Irim","","","False","","https://pathfinderwiki.com/wiki/Irim",""
"","Irrere","","","False","","https://pathfinderwiki.com/wiki/Irrere_(town)",""
"","Isa","","","False","","https://pathfinderwiki.com/wiki/Isa",""
"","Isarn","","","False","","https://pathfinderwiki.com/wiki/Isarn",""
"","Ishad","","","False","","https://pathfinderwiki.com/wiki/Ishad",""
"","Isseld","","","False","","https://pathfinderwiki.com/wiki/Isseld",""
"","Iz","","","False","","https://pathfinderwiki.com/wiki/Iz",""
"","Izzet","","","False","","https://pathfinderwiki.com/wiki/Izzet",""
"","Jaagiin","","","False","","https://pathfinderwiki.com/wiki/Jaagiin",""
"","Jaha","","","False","","https://pathfinderwiki.com/wiki/Jaha",""
"","Jainai","","","False","","https://pathfinderwiki.com/wiki/Jainai",""
"","Jambis","","","False","","https://pathfinderwiki.com/wiki/Jambis",""
"","Janderhoff","","","False","","https://pathfinderwiki.com/wiki/Janderhoff",""
"","Jawafeeq","","","False","","https://pathfinderwiki.com/wiki/Jawafeeq",""
"","Jayat-Von","","","False","","https://pathfinderwiki.com/wiki/Jayat-Von",""
"","Jol","","","False","","https://pathfinderwiki.com/wiki/Jol",""
"","Jolizpan","","","False","","https://pathfinderwiki.com/wiki/Jolizpan",""
"","Jormurdun","","","False","","https://pathfinderwiki.com/wiki/Jormurdun",""
"","Jovvox","","","False","","https://pathfinderwiki.com/wiki/Jovvox",""
"","Jula","","","False","","https://pathfinderwiki.com/wiki/Jula",""
"","Jyito","","","False","","https://pathfinderwiki.com/wiki/Jyito",""
"","Kaer Maga","","","False","","https://pathfinderwiki.com/wiki/Kaer_Maga",""
"","Kalit","","","False","","https://pathfinderwiki.com/wiki/Kalit",""
"","Kalsgard","","","False","","https://pathfinderwiki.com/wiki/Kalsgard",""
"","Kantaria","","","False","","https://pathfinderwiki.com/wiki/Kantaria",""
"","Kar-Azakh","","","False","","https://pathfinderwiki.com/wiki/PathfinderWiki:Map_Locations_Without_Articles",""
"","Karakuru","","","False","","https://pathfinderwiki.com/wiki/Karakuru",""
"","Karcau","","","False","","https://pathfinderwiki.com/wiki/Karcau",""
"","Karpad","","","False","","https://pathfinderwiki.com/wiki/Karpad",""
"","Kasai","","","False","","https://pathfinderwiki.com/wiki/Kasai",""
"","Kassen","","","False","","https://pathfinderwiki.com/wiki/Kassen",""
"","Katapesh","","","False","","https://pathfinderwiki.com/wiki/Katapesh_(city)",""
"","Katheer","","","False","","https://pathfinderwiki.com/wiki/Katheer",""
"","Katrivish","","","False","","https://pathfinderwiki.com/wiki/Katrivish",""
"","Kavapesta","","","False","","https://pathfinderwiki.com/wiki/Kavapesta",""
"","Kayalhi","","","False","","https://pathfinderwiki.com/wiki/PathfinderWiki:Map_Locations_Without_Articles",""
"","Kazuhn City","","","False","","https://pathfinderwiki.com/wiki/Kazuhn_City",""
"","Kelmarane","","","False","","https://pathfinderwiki.com/wiki/Kelmarane",""
"","Kenabres","","","False","","https://pathfinderwiki.com/wiki/Kenabres",""
"","Ker Sharic","","","False","","https://pathfinderwiki.com/wiki/Ker_Sharic",""
"","Kerad","","","False","","https://pathfinderwiki.com/wiki/Kerad",""
"","Kerim","","","False","","https://pathfinderwiki.com/wiki/Kerim",""
"","Kerrick","","","False","","https://pathfinderwiki.com/wiki/Kerrick",""
"","Kerse","","","False","","https://pathfinderwiki.com/wiki/Kerse",""
"","Ketskerlet","","","False","","https://pathfinderwiki.com/wiki/Ketskerlet",""
"","Khari","","","False","","https://pathfinderwiki.com/wiki/Khari",""
"","Kharif","","","False","","https://pathfinderwiki.com/wiki/Kharif",""
"","Khitai","","","False","","https://pathfinderwiki.com/wiki/Khitai",""
"","Khoka","","","False","","https://pathfinderwiki.com/wiki/Khoka",""
"","Khundurai","","","False","","https://pathfinderwiki.com/wiki/Khundurai",""
"","Kibwe","","","False","","https://pathfinderwiki.com/wiki/Kibwe",""
"","Kintargo","","","False","","https://pathfinderwiki.com/wiki/Kintargo",""
"","Kirya","","","False","","https://pathfinderwiki.com/wiki/Kirya",""
"","Kizobran","","","False","","https://pathfinderwiki.com/wiki/Kizobran",""
"","Kokutang","","","False","","https://pathfinderwiki.com/wiki/Kokutang",""
"","Kora","","","False","","https://pathfinderwiki.com/wiki/Kora",""
"","Korholm","","","False","","https://pathfinderwiki.com/wiki/Korholm",""
"","Korvosa","","","False","","https://pathfinderwiki.com/wiki/Korvosa",""
"","Kovlar","","","False","","https://pathfinderwiki.com/wiki/Kovlar",""
"","Kozan","","","False","","https://pathfinderwiki.com/wiki/Kozan",""
"","Kraggodan","","","False","","https://pathfinderwiki.com/wiki/Kraggodan",""
"","Kragnaroth","","","False","","https://pathfinderwiki.com/wiki/Kragnaroth",""
"","Kravenkus","","","False","","https://pathfinderwiki.com/wiki/Kravenkus",""
"","Kridorn","","","False","","https://pathfinderwiki.com/wiki/Kridorn",""
"","Kukgukmol","","","False","","https://pathfinderwiki.com/wiki/Kukgukmol",""
"","Kuratown","","","False","","https://pathfinderwiki.com/wiki/Kuratown",""
"","Kybar","","","False","","https://pathfinderwiki.com/wiki/PathfinderWiki:Map_Locations_Without_Articles",""
"","Kyzuv","","","False","","https://pathfinderwiki.com/wiki/Kyzuv",""
"","Lachka","","","False","","https://pathfinderwiki.com/wiki/Lachka",""
"","Lackthroat","","","False","","https://pathfinderwiki.com/wiki/Lackthroat",""
"","Laekastel","","","False","","https://pathfinderwiki.com/wiki/Laekastel",""
"","Lamasara","","","False","","https://pathfinderwiki.com/wiki/Lamasara",""
"","Langkhu","","","False","","https://pathfinderwiki.com/wiki/Langkhu",""
"","Lanming","","","False","","https://pathfinderwiki.com/wiki/Lanming",""
"","Larrad","","","False","","https://pathfinderwiki.com/wiki/Larrad",""
"","Lavieton","","","False","","https://pathfinderwiki.com/wiki/Lavieton",""
"","Ledenica","","","False","","https://pathfinderwiki.com/wiki/Ledenica",""
"","Lepidstadt","","","False","","https://pathfinderwiki.com/wiki/Lepidstadt",""
"","Lilywhite","","","False","","https://pathfinderwiki.com/wiki/Lilywhite",""
"","Lionsguard","","","False","","https://pathfinderwiki.com/wiki/Lionsguard",""
"","Lipror","","","False","","https://pathfinderwiki.com/wiki/Lipror",""
"","Litran","","","False","","https://pathfinderwiki.com/wiki/Litran",""
"","Little Oppara","","","False","","https://pathfinderwiki.com/wiki/Little_Oppara",""
"","Littletown","","","False","","https://pathfinderwiki.com/wiki/Littletown",""
"","Lockridge","","","False","","https://pathfinderwiki.com/wiki/Lockridge",""
"","Lod","","","False","","https://pathfinderwiki.com/wiki/Lod",""
"","Logas","","","False","","https://pathfinderwiki.com/wiki/Logas",""
"","Longacre","","","False","","https://pathfinderwiki.com/wiki/Longacre",""
"","Longshadow","","","False","","https://pathfinderwiki.com/wiki/Longshadow",""
"","Lopul","","","False","","https://pathfinderwiki.com/wiki/Lopul",""
"","Losthome","","","False","","https://pathfinderwiki.com/wiki/Losthome",""
"","Lotheedar","","","False","","https://pathfinderwiki.com/wiki/Lotheedar",""
"","Low Isle","","","False","","https://pathfinderwiki.com/wiki/Low_Isle",""
"","Ludovny","","","False","","https://pathfinderwiki.com/wiki/Ludovny",""
"","Lumber Consortium's Main Camp","","","False","","https://pathfinderwiki.com/wiki/PathfinderWiki:Map_Locations_Without_Articles",""
"","Lyperro","","","False","","https://pathfinderwiki.com/wiki/Lyperro",""
"","M'neri Valley Cattle Ranch","","","False","","https://pathfinderwiki.com/wiki/M'neri_Valley_Cattle_Ranch",""
"","Maashinelle","","","False","","https://pathfinderwiki.com/wiki/Maashinelle",""
"","Macini","","","False","","https://pathfinderwiki.com/wiki/Macini",""
"","Macridi","","","False","","https://pathfinderwiki.com/wiki/Macridi",""
"","Magnimar","","","False","","https://pathfinderwiki.com/wiki/Magnimar",""
"","Maheto","","","False","","https://pathfinderwiki.com/wiki/Maheto",""
"","Maidenspool","","","False","","https://pathfinderwiki.com/wiki/Maidenspool",""
"","Manaket","","","False","","https://pathfinderwiki.com/wiki/Manaket",""
"","Marian Leigh","","","False","","https://pathfinderwiki.com/wiki/Marian_Leigh",""
"","Marstol","","","False","","https://pathfinderwiki.com/wiki/Marstol",""
"","Martel","","","False","","https://pathfinderwiki.com/wiki/Martel",""
"","Matriculum's Charge","","","False","","https://pathfinderwiki.com/wiki/Matriculum's_Charge",""
"","Mechitar","","","False","","https://pathfinderwiki.com/wiki/Mechitar",""
"","Melfesh","","","False","","https://pathfinderwiki.com/wiki/Melfesh",""
"","Merab","","","False","","https://pathfinderwiki.com/wiki/Merab",""
"","Meravon","","","False","","https://pathfinderwiki.com/wiki/Meravon",""
"","Merciful Bay","","","False","","https://pathfinderwiki.com/wiki/Merciful_Bay",""
"","Mercy","","","False","","https://pathfinderwiki.com/wiki/Mercy",""
"","Merev","","","False","","https://pathfinderwiki.com/wiki/Merev",""
"","Merishai","","","False","","https://pathfinderwiki.com/wiki/Merishai",""
"","Mezdrubal","","","False","","https://pathfinderwiki.com/wiki/Mezdrubal",""
"","Mimere","","","False","","https://pathfinderwiki.com/wiki/Mimere",""
"","Mirivenn","","","False","","https://pathfinderwiki.com/wiki/Mirivenn",""
"","Mirnbay","","","False","","https://pathfinderwiki.com/wiki/Mirnbay",""
"","Misarias","","","False","","https://pathfinderwiki.com/wiki/Misarias",""
"","Mishkar","","","False","","https://pathfinderwiki.com/wiki/Mishkar",""
"","Mivon","","","False","","https://pathfinderwiki.com/wiki/Mivon_(city)",""
"","Monastery of the Seven Forms","","","False","","https://pathfinderwiki.com/wiki/Monastery_of_the_Seven_Forms",""
"","Moonscream Glade","","","False","","https://pathfinderwiki.com/wiki/Moonscream_Glade",""
"","Moost","","","False","","https://pathfinderwiki.com/wiki/Moost",""
"","Morcei","","","False","","https://pathfinderwiki.com/wiki/Morcei",""
"","Mordant Spire","","","False","","https://pathfinderwiki.com/wiki/Mordant_Spire",""
"","Mormouth","","","False","","https://pathfinderwiki.com/wiki/Mormouth",""
"","Morozny","","","False","","https://pathfinderwiki.com/wiki/Morozny",""
"","Mosswater","","","False","","https://pathfinderwiki.com/wiki/Mosswater",""
"","Mukinami","","","False","","https://pathfinderwiki.com/wiki/Mukinami",""
"","Muliwan","","","False","","https://pathfinderwiki.com/wiki/Muliwan",""
"","Mut","","","False","","https://pathfinderwiki.com/wiki/Mut",""
"","Myrnorosk","","","False","","https://pathfinderwiki.com/wiki/Myrnorosk",""
"","Myscurial","","","False","","https://pathfinderwiki.com/wiki/Myscurial",""
"","Mzali","","","False","","https://pathfinderwiki.com/wiki/Mzali",""
"","Naamat","","","False","","https://pathfinderwiki.com/wiki/Naamat",""
"","Nadzieja Lato","","","False","","https://pathfinderwiki.com/wiki/Nadzieja_Lato",""
"","Nagisa","","","False","","https://pathfinderwiki.com/wiki/Nagisa",""
"","Nantambu","","","False","","https://pathfinderwiki.com/wiki/Nantambu",""
"","Nanzhu","","","False","","https://pathfinderwiki.com/wiki/Nanzhu",""
"","Nerosyan","","","False","","https://pathfinderwiki.com/wiki/Nerosyan",""
"","Neruma","","","False","","https://pathfinderwiki.com/wiki/Neruma",""
"","New Jelheg","","","False","","https://pathfinderwiki.com/wiki/New_Jelheg",""
"","New Oppara","","","False","","https://pathfinderwiki.com/wiki/New_Oppara",""
"","New Stetven","","","False","","https://pathfinderwiki.com/wiki/New_Stetven",""
"","New Towne","","","False","","https://pathfinderwiki.com/wiki/New_Towne",""
"","New Vedagad","","","False","","https://pathfinderwiki.com/wiki/New_Vedagad",""
"","Ngon Hoa","","","False","","https://pathfinderwiki.com/wiki/Ngon_Hoa",""
"","Ngozu","","","False","","https://pathfinderwiki.com/wiki/Ngozu",""
"","Niishan","","","False","","https://pathfinderwiki.com/wiki/Niishan",""
"","Nirfan","","","False","","https://pathfinderwiki.com/wiki/Nirfan",""
"","Nisroch","","","False","","https://pathfinderwiki.com/wiki/Nisroch",""
"","Niswan","","","False","","https://pathfinderwiki.com/wiki/Niswan",""
"","Nivakta's Crossing","","","False","","https://pathfinderwiki.com/wiki/Nivakta's_Crossing",""
"","Novoboro","","","False","","https://pathfinderwiki.com/wiki/Novoboro",""
"","Numijaan","","","False","","https://pathfinderwiki.com/wiki/Numijaan",""
"","Nybor","","","False","","https://pathfinderwiki.com/wiki/Nybor",""
"","Nyshire","","","False","","https://pathfinderwiki.com/wiki/Nyshire",""
"","Oagon","","","False","","https://pathfinderwiki.com/wiki/Oagon",""
"","Oda","","","False","","https://pathfinderwiki.com/wiki/Oda",""
"","Oe-tet","","","False","","https://pathfinderwiki.com/wiki/Oe-Tet",""
"","Oenopion","","","False","","https://pathfinderwiki.com/wiki/Oenopion",""
"","Okeno","","","False","","https://pathfinderwiki.com/wiki/Okeno",""
"","Okormirr","","","False","","https://pathfinderwiki.com/wiki/Okormirr",""
"","Old Sehir","","","False","","https://pathfinderwiki.com/wiki/Old_Sehir",""
"","Olfden","","","False","","https://pathfinderwiki.com/wiki/Olfden",""
"","Ollo","","","False","","https://pathfinderwiki.com/wiki/Ollo",""
"","Omash","","","False","","https://pathfinderwiki.com/wiki/Omash",""
"","Omesta","","","False","","https://pathfinderwiki.com/wiki/Omesta",""
"","Oppara","","","False","","https://pathfinderwiki.com/wiki/Oppara",""
"","Ordu-Aganhei","","","False","","https://pathfinderwiki.com/wiki/Ordu-Aganhei",""
"","Oregent","","","False","","https://pathfinderwiki.com/wiki/Oregent",""
"","Orjotoro","","","False","","https://pathfinderwiki.com/wiki/Orjotoro",""
"","Orlendas","","","False","","https://pathfinderwiki.com/wiki/Orlendas",""
"","Orlov","","","False","","https://pathfinderwiki.com/wiki/Orlov",""
"","Orolo's Quay","","","False","","https://pathfinderwiki.com/wiki/Orolo's_Quay",""
"","Orost","","","False","","https://pathfinderwiki.com/wiki/Orost",""
"","Ortalaca","","","False","","https://pathfinderwiki.com/wiki/Ortalaca",""
"","Osibu","","","False","","https://pathfinderwiki.com/wiki/Osibu",""
"","Ostenso","","","False","","https://pathfinderwiki.com/wiki/Ostenso",""
"","Otari","","","False","","https://pathfinderwiki.com/wiki/Otari",""
"","Outsea","","","False","","https://pathfinderwiki.com/wiki/Outsea",""
"","Oyster Cay","","","False","","https://pathfinderwiki.com/wiki/Oyster_Cay",""
"","Padiskar","","","False","","https://pathfinderwiki.com/wiki/Padiskar",""
"","Pagked","","","False","","https://pathfinderwiki.com/wiki/Pagked",""
"","Palin's Cove","","","False","","https://pathfinderwiki.com/wiki/Palin's_Cove",""
"","Pangolais","","","False","","https://pathfinderwiki.com/wiki/Pangolais",""
"","Parley Point","","","False","","https://pathfinderwiki.com/wiki/Parley_Point",""
"","Pashow","","","False","","https://pathfinderwiki.com/wiki/Pashow",""
"","Pastorling","","","False","","https://pathfinderwiki.com/wiki/Pastorling",""
"","Peddlegate","","","False","","https://pathfinderwiki.com/wiki/Peddlegate",""
"","Pegaduor","","","False","","https://pathfinderwiki.com/wiki/Pegaduor",""
"","Peijia","","","False","","https://pathfinderwiki.com/wiki/Peijia",""
"","Pendaka","","","False","","https://pathfinderwiki.com/wiki/Pendaka",""
"","Pensaris","","","False","","https://pathfinderwiki.com/wiki/Pensaris",""
"","Peshaka Naeu","","","False","","https://pathfinderwiki.com/wiki/Peshaka_Naeu",""
"","Petitioner's Port","","","False","","https://pathfinderwiki.com/wiki/Petitioner's_Port",""
"","Pex","","","False","","https://pathfinderwiki.com/wiki/Pex",""
"","Pezzack","","","False","","https://pathfinderwiki.com/wiki/Pezzack",""
"","Phaendar","","","False","","https://pathfinderwiki.com/wiki/Phaendar",""
"","Pier's End","","","False","","https://pathfinderwiki.com/wiki/Pier's_End",""
"","Pilgrimage","","","False","","https://pathfinderwiki.com/wiki/Pilgrimage",""
"","Piren's Bluff","","","False","","https://pathfinderwiki.com/wiki/Piren's_Bluff",""
"","Pitax","","","False","","https://pathfinderwiki.com/wiki/Pitax",""
"","Plumetown","","","False","","https://pathfinderwiki.com/wiki/Plumetown",""
"","Pol","","","False","","https://pathfinderwiki.com/wiki/Pol",""
"","Port Freedom","","","False","","https://pathfinderwiki.com/wiki/Port_Freedom",""
"","Port Ice","","","False","","https://pathfinderwiki.com/wiki/Port_Ice",""
"","Port Peril","","","False","","https://pathfinderwiki.com/wiki/Port_Peril",""
"","Port Valen","","","False","","https://pathfinderwiki.com/wiki/Port_Valen",""
"","Prada Hanam","","","False","","https://pathfinderwiki.com/wiki/Prada_Hanam",""
"","Promise","","","False","","https://pathfinderwiki.com/wiki/Promise",""
"","Prophet's Home","","","False","","https://pathfinderwiki.com/wiki/Prophet's_Home",""
"","Purt","","","False","","https://pathfinderwiki.com/wiki/Purt",""
"","Qadlus Mavari","","","False","","https://pathfinderwiki.com/wiki/Qadlus_Mavari",""
"","Qaharid","","","False","","https://pathfinderwiki.com/wiki/Qaharid",""
"","Quantium","","","False","","https://pathfinderwiki.com/wiki/Quantium",""
"","Queen Bes","","","False","","https://pathfinderwiki.com/wiki/Queen_Bes",""
"","Quent","","","False","","https://pathfinderwiki.com/wiki/Quent",""
"","Radripal","","","False","","https://pathfinderwiki.com/wiki/Radripal",""
"","Railford","","","False","","https://pathfinderwiki.com/wiki/Railford",""
"","Raketooth","","","False","","https://pathfinderwiki.com/wiki/Raketooth",""
"","Raliscrad","","","False","","https://pathfinderwiki.com/wiki/Raliscrad",""
"","Ramparassad","","","False","","https://pathfinderwiki.com/wiki/Ramparassad",""
"","Rapier Bay","","","False","","https://pathfinderwiki.com/wiki/Rapier_Bay",""
"","Rashiz","","","False","","https://pathfinderwiki.com/wiki/Rashiz",""
"","Ravengro","","","False","","https://pathfinderwiki.com/wiki/Ravengro",""
"","Ravenmoor","","","False","","https://pathfinderwiki.com/wiki/Ravenmoor",""
"","Redleaf","","","False","","https://pathfinderwiki.com/wiki/Redleaf",""
"","Redtooth","","","False","","https://pathfinderwiki.com/wiki/Redtooth",""
"","Remesiana","","","False","","https://pathfinderwiki.com/wiki/Remesiana",""
"","Restov","","","False","","https://pathfinderwiki.com/wiki/Restov",""
"","Riba","","","False","","https://pathfinderwiki.com/wiki/Riba",""
"","Rickety's Squibs","","","False","","https://pathfinderwiki.com/wiki/Rickety's_Squibs",""
"","Riddleport","","","False","","https://pathfinderwiki.com/wiki/Riddleport",""
"","Ridonport","","","False","","https://pathfinderwiki.com/wiki/Ridonport",""
"","Ridwan","","","False","","https://pathfinderwiki.com/wiki/Ridwan",""
"","Riekamesto","","","False","","https://pathfinderwiki.com/wiki/Riekamesto",""
"","Rikhist","","","False","","https://pathfinderwiki.com/wiki/Rikhist",""
"","Rivercroft","","","False","","https://pathfinderwiki.com/wiki/PathfinderWiki:Map_Locations_Without_Articles",""
"","Riverford","","","False","","https://pathfinderwiki.com/wiki/Riverford",""
"","Riverspire","","","False","","https://pathfinderwiki.com/wiki/Riverspire",""
"","Riverton","","","False","","https://pathfinderwiki.com/wiki/Riverton",""
"","Robu","","","False","","https://pathfinderwiki.com/wiki/Robu",""
"","Roderic's Cove","","","False","","https://pathfinderwiki.com/wiki/Roderic's_Cove",""
"","Rolgrimmdur","","","False","","https://pathfinderwiki.com/wiki/Rolgrimmdur",""
"","Roshik","","","False","","https://pathfinderwiki.com/wiki/Roshik",""
"","Roslar's Coffer","","","False","","https://pathfinderwiki.com/wiki/Roslar's_Coffer",""
"","Rozenport","","","False","","https://pathfinderwiki.com/wiki/Rozenport",""
"","Rumbutter","","","False","","https://pathfinderwiki.com/wiki/Rumbutter",""
"","Ruwido","","","False","","https://pathfinderwiki.com/wiki/Ruwido",""
"","Saad","","","False","","https://pathfinderwiki.com/wiki/Saad",""
"","Saarbotten","","","False","","https://pathfinderwiki.com/wiki/Saarbotten",""
"","Saddlebark Ranch","","","False","","https://pathfinderwiki.com/wiki/PathfinderWiki:Map_Locations_Without_Articles",""
"","Sadiyeh","","","False","","https://pathfinderwiki.com/wiki/Sadiyeh",""
"","Safani","","","False","","https://pathfinderwiki.com/wiki/Safani",""
"","Sakakabe","","","False","","https://pathfinderwiki.com/wiki/Sakakabe",""
"","Salav","","","False","","https://pathfinderwiki.com/wiki/Salav",""
"","Sallowshore","","","False","","https://pathfinderwiki.com/wiki/Sallowshore",""
"","Samsara Oasis","","","False","","https://pathfinderwiki.com/wiki/Samsara_Oasis",""
"","Sandpoint","","","False","","https://pathfinderwiki.com/wiki/Sandpoint",""
"","Sangpo-Jong","","","False","","https://pathfinderwiki.com/wiki/Sangpo-Jong",""
"","Sanmeshul","","","False","","https://pathfinderwiki.com/wiki/Sanmeshul",""
"","Sarain","","","False","","https://pathfinderwiki.com/wiki/Sarain",""
"","Sardis Township","","","False","","https://pathfinderwiki.com/wiki/Sardis_Township",""
"","Saringallow","","","False","","https://pathfinderwiki.com/wiki/Saringallow",""
"","Sascha","","","False","","https://pathfinderwiki.com/wiki/Sascha",""
"","Satravah","","","False","","https://pathfinderwiki.com/wiki/Satravah",""
"","Sauerton","","","False","","https://pathfinderwiki.com/wiki/Sauerton",""
"","Saventh-Yhi","","","False","","https://pathfinderwiki.com/wiki/Saventh-Yhi",""
"","Scrawny Crossing","","","False","","https://pathfinderwiki.com/wiki/Scrawny_Crossing",""
"","Sedeq","","","False","","https://pathfinderwiki.com/wiki/Sedeq",""
"","Seer's Home","","","False","","https://pathfinderwiki.com/wiki/Seer's_Home",""
"","Segada","","","False","","https://pathfinderwiki.com/wiki/Segada",""
"","Sember Cove","","","False","","https://pathfinderwiki.com/wiki/Sember_Cove",""
"","Senara","","","False","","https://pathfinderwiki.com/wiki/Senara",""
"","Senghor","","","False","","https://pathfinderwiki.com/wiki/Senghor",""
"","Seredain","","","False","","https://pathfinderwiki.com/wiki/Seredain",""
"","Sevenarches","","","False","","https://pathfinderwiki.com/wiki/Sevenarches",""
"","Sezgin","","","False","","https://pathfinderwiki.com/wiki/Sezgin",""
"","Shadow Spring","","","False","","https://pathfinderwiki.com/wiki/Shadow_Spring",""
"","Shamara","","","False","","https://pathfinderwiki.com/wiki/Shamara",""
"","Shaping Bluffs","","","False","","https://pathfinderwiki.com/wiki/PathfinderWiki:Map_Locations_Without_Articles",""
"","Shatterglass","","","False","","https://pathfinderwiki.com/wiki/Shatterglass",""
"","Shileh","","","False","","https://pathfinderwiki.com/wiki/Shileh",""
"","Shiman-Sekh","","","False","","https://pathfinderwiki.com/wiki/Shiman-Sekh",""
"","Shimmerford","","","False","","https://pathfinderwiki.com/wiki/Shimmerford",""
"","Shogokabe","","","False","","https://pathfinderwiki.com/wiki/PathfinderWiki:Map_Locations_Without_Articles",""
"","Shoreline","","","False","","https://pathfinderwiki.com/wiki/Shoreline",""
"","Siavenian","","","False","","https://pathfinderwiki.com/wiki/Siavenian",""
"","Sihadrimon","","","False","","https://pathfinderwiki.com/wiki/Sihadrimon",""
"","Silverhall","","","False","","https://pathfinderwiki.com/wiki/Silverhall",""
"","Sipplerose","","","False","","https://pathfinderwiki.com/wiki/Sipplerose",""
"","Sirathu","","","False","","https://pathfinderwiki.com/wiki/Sirathu",""
"","Skathen","","","False","","https://pathfinderwiki.com/wiki/Skathen",""
"","Skelt","","","False","","https://pathfinderwiki.com/wiki/Skelt",""
"","Skjoldmur","","","False","","https://pathfinderwiki.com/wiki/Skjoldmur",""
"","Skrata","","","False","","https://pathfinderwiki.com/wiki/Skrata",""
"","Skywatch","","","False","","https://pathfinderwiki.com/wiki/Skywatch",""
"","Slipcove","","","False","","https://pathfinderwiki.com/wiki/Slipcove",""
"","Slither Cove","","","False","","https://pathfinderwiki.com/wiki/Slither_Cove",""
"","Snemmevik","","","False","","https://pathfinderwiki.com/wiki/Snemmevik",""
"","Snowford","","","False","","https://pathfinderwiki.com/wiki/PathfinderWiki:Map_Locations_Without_Articles",""
"","Soduras","","","False","","https://pathfinderwiki.com/wiki/Soduras",""
"","Sojourner's Rest","","","False","","https://pathfinderwiki.com/wiki/Sojourner's_Rest",""
"","Solanas","","","False","","https://pathfinderwiki.com/wiki/Solanas",""
"","Solku","","","False","","https://pathfinderwiki.com/wiki/Solku",""
"","Solskinn","","","False","","https://pathfinderwiki.com/wiki/Solskinn",""
"","Sosulka","","","False","","https://pathfinderwiki.com/wiki/Sosulka",""
"","Sothis","","","False","","https://pathfinderwiki.com/wiki/Sothis",""
"","Sotto","","","False","","https://pathfinderwiki.com/wiki/Sotto",""
"","Souston","","","False","","https://pathfinderwiki.com/wiki/Souston",""
"","Stachys","","","False","","https://pathfinderwiki.com/wiki/Stachys",""
"","Starfall","","","False","","https://pathfinderwiki.com/wiki/Starfall",""
"","Stark Point","","","False","","https://pathfinderwiki.com/wiki/Stark_Point",""
"","Stavian's Hold","","","False","","https://pathfinderwiki.com/wiki/Stavian's_Hold",""
"","Stavintower","","","False","","https://pathfinderwiki.com/wiki/Stavintower",""
"","Steyr","","","False","","https://pathfinderwiki.com/wiki/Steyr",""
"","Stoneclimb","","","False","","https://pathfinderwiki.com/wiki/Stoneclimb",""
"","Storasta","","","False","","https://pathfinderwiki.com/wiki/Storasta",""
"","Sturnidae","","","False","","https://pathfinderwiki.com/wiki/Sturnidae",""
"","Sukri","","","False","","https://pathfinderwiki.com/wiki/Sukri",""
"","Sumadhadra","","","False","","https://pathfinderwiki.com/wiki/Sumadhadra",""
"","Sunder Horn","","","False","","https://pathfinderwiki.com/wiki/Sunder_Horn",""
"","Surtse","","","False","","https://pathfinderwiki.com/wiki/Surtse",""
"","Szamrak's Haven","","","False","","https://pathfinderwiki.com/wiki/Szamrak's_Haven",""
"","Taggoret","","","False","","https://pathfinderwiki.com/wiki/Taggoret_(city)",""
"","Taggun Hold","","","False","","https://pathfinderwiki.com/wiki/Taggun_Hold",""
"","Talípas","","","False","","https://pathfinderwiki.com/wiki/Talípas",""
"","Tamran","","","False","","https://pathfinderwiki.com/wiki/Tamran",""
"","Tamrivena","","","False","","https://pathfinderwiki.com/wiki/Tamrivena",""
"","Tanadesh","","","False","","https://pathfinderwiki.com/wiki/Tanadesh",""
"","Tar Kuata","","","False","","https://pathfinderwiki.com/wiki/Tar_Kuata",""
"","Tar-Kazmukh","","","False","","https://pathfinderwiki.com/wiki/Tar-Kazmukh",""
"","Tashagrot","","","False","","https://pathfinderwiki.com/wiki/Tashagrot",""
"","Tastikka","","","False","","https://pathfinderwiki.com/wiki/Tastikka",""
"","Tekeh","","","False","","https://pathfinderwiki.com/wiki/Tekeh",""
"","Tephu","","","False","","https://pathfinderwiki.com/wiki/Tephu",""
"","The Aerie","","","False","","https://pathfinderwiki.com/wiki/PathfinderWiki:Map_Locations_Without_Articles",""
"","The Foundry","","","False","","https://pathfinderwiki.com/wiki/Foundry",""
"","Thom","","","False","","https://pathfinderwiki.com/wiki/Thom",""
"","Thornhearth","","","False","","https://pathfinderwiki.com/wiki/Thornhearth",""
"","Thornkeep","","","False","","https://pathfinderwiki.com/wiki/Thornkeep",""
"","Three Pines Ford","","","False","","https://pathfinderwiki.com/wiki/Three_Pines_Ford",""
"","Three-Troll","","","False","","https://pathfinderwiki.com/wiki/Three-Troll",""
"","Thronestep","","","False","","https://pathfinderwiki.com/wiki/Thronestep",""
"","Thrune's Chance","","","False","","https://pathfinderwiki.com/wiki/PathfinderWiki:Map_Locations_Without_Articles",""
"","Thrushmoor","","","False","","https://pathfinderwiki.com/wiki/Thrushmoor",""
"","Tilxar","","","False","","https://pathfinderwiki.com/wiki/PathfinderWiki:Map_Locations_Without_Articles",""
"","Tiven's Reed","","","False","","https://pathfinderwiki.com/wiki/Tiven's_Reed",""
"","Tolguth","","","False","","https://pathfinderwiki.com/wiki/Tolguth",""
"","Tomgruv","","","False","","https://pathfinderwiki.com/wiki/Tomgruv",""
"","Torch","","","False","","https://pathfinderwiki.com/wiki/Torch",""
"","Torcova","","","False","","https://pathfinderwiki.com/wiki/Torcova",""
"","Totra","","","False","","https://pathfinderwiki.com/wiki/Totra",""
"","Tradecross","","","False","","https://pathfinderwiki.com/wiki/Tradecross",""
"","Tregan","","","False","","https://pathfinderwiki.com/wiki/Tregan",""
"","Trezira","","","False","","https://pathfinderwiki.com/wiki/Trezira",""
"","Tribulation","","","False","","https://pathfinderwiki.com/wiki/Tribulation",""
"","Triela","","","False","","https://pathfinderwiki.com/wiki/Triela",""
"","Tripolne","","","False","","https://pathfinderwiki.com/wiki/Tripolne",""
"","Trollheim","","","False","","https://pathfinderwiki.com/wiki/Trollheim",""
"","Trunau","","","False","","https://pathfinderwiki.com/wiki/Trunau",""
"","Tulaupan","","","False","","https://pathfinderwiki.com/wiki/Tulaupan",""
"","Turtleback Ferry","","","False","","https://pathfinderwiki.com/wiki/Turtleback_Ferry",""
"","Turvik","","","False","","https://pathfinderwiki.com/wiki/Turvik",""
"","Tuvar","","","False","","https://pathfinderwiki.com/wiki/Tuvar",""
"","Twingate","","","False","","https://pathfinderwiki.com/wiki/Twingate",""
"","Tymon","","","False","","https://pathfinderwiki.com/wiki/Tymon",""
"","Tyvas-Devas","","","False","","https://pathfinderwiki.com/wiki/Tyvas-Devas",""
"","Udayasankar","","","False","","https://pathfinderwiki.com/wiki/Udayasankar",""
"","Ukhrul","","","False","","https://pathfinderwiki.com/wiki/Ukhrul",""
"","Ul-Angorn","","","False","","https://pathfinderwiki.com/wiki/Ul-Angorn",""
"","Ullerskad","","","False","","https://pathfinderwiki.com/wiki/Ullerskad",""
"","Umnyango","","","False","","https://pathfinderwiki.com/wiki/Umnyango",""
"","Umok","","","False","","https://pathfinderwiki.com/wiki/Umok",""
"","Unaimo","","","False","","https://pathfinderwiki.com/wiki/Unaimo",""
"","Undarin","","","False","","https://pathfinderwiki.com/wiki/Undarin",""
"","Urgir","","","False","","https://pathfinderwiki.com/wiki/Urgir",""
"","Urglin","","","False","","https://pathfinderwiki.com/wiki/Urglin",""
"","Uringen","","","False","","https://pathfinderwiki.com/wiki/Uringen",""
"","Usaro","","","False","","https://pathfinderwiki.com/wiki/Usaro",""
"","Ushumgal","","","False","","https://pathfinderwiki.com/wiki/Ushumgal",""
"","Vaktai","","","False","","https://pathfinderwiki.com/wiki/Vaktai",""
"","Valahuv","","","False","","https://pathfinderwiki.com/wiki/Valahuv",""
"","Valas's Gift","","","False","","https://pathfinderwiki.com/wiki/Valas's_Gift",""
"","Valishava","","","False","","https://pathfinderwiki.com/wiki/Valishava",""
"","Varnhold","","","False","","https://pathfinderwiki.com/wiki/Varnhold",""
"","Varook's Deep","","","False","","https://pathfinderwiki.com/wiki/PathfinderWiki:Map_Locations_Without_Articles",""
"","Vasterborg","","","False","","https://pathfinderwiki.com/wiki/Vasterborg",""
"","Vauntil","","","False","","https://pathfinderwiki.com/wiki/Vauntil",""
"","Veka","","","False","","https://pathfinderwiki.com/wiki/Veka",""
"","Veldraine","","","False","","https://pathfinderwiki.com/wiki/Veldraine",""
"","Vellumis","","","False","","https://pathfinderwiki.com/wiki/Vellumis",""
"","Veshtak","","","False","","https://pathfinderwiki.com/wiki/Veshtak",""
"","Vezhnu","","","False","","https://pathfinderwiki.com/wiki/Vezhnu",""
"","Vigil","","","False","","https://pathfinderwiki.com/wiki/Vigil",""
"","Vilelock","","","False","","https://pathfinderwiki.com/wiki/Vilelock",""
"","Vinpinna","","","False","","https://pathfinderwiki.com/wiki/Vinpinna",""
"","Vische","","","False","","https://pathfinderwiki.com/wiki/Vische",""
"","Visheksrad","","","False","","https://pathfinderwiki.com/wiki/Visheksrad",""
"","Vladmirr","","","False","","https://pathfinderwiki.com/wiki/Vladmirr",""
"","Voinaris","","","False","","https://pathfinderwiki.com/wiki/Voinaris",""
"","Volod","","","False","","https://pathfinderwiki.com/wiki/Volod",""
"","Voluse","","","False","","https://pathfinderwiki.com/wiki/Voluse",""
"","Vurnirn","","","False","","https://pathfinderwiki.com/wiki/Vurnirn",""
"","Vyre","","","False","","https://pathfinderwiki.com/wiki/Vyre",""
"","Wait's Span","","","False","","https://pathfinderwiki.com/wiki/Wait's_Span",""
"","Waldsby","","","False","","https://pathfinderwiki.com/wiki/Waldsby",""
"","Wanshi","","","False","","https://pathfinderwiki.com/wiki/PathfinderWiki:Map_Locations_Without_Articles",""
"","Wartle","","","False","","https://pathfinderwiki.com/wiki/Wartle",""
"","Wati","","","False","","https://pathfinderwiki.com/wiki/Wati",""
"","Waunomani","","","False","","https://pathfinderwiki.com/wiki/Waunomani",""
"","Westcrown","","","False","","https://pathfinderwiki.com/wiki/Westcrown",""
"","Westerhold","","","False","","https://pathfinderwiki.com/wiki/Westerhold",""
"","Westpool","","","False","","https://pathfinderwiki.com/wiki/Westpool",""
"","Westsher","","","False","","https://pathfinderwiki.com/wiki/Westsher",""
"","Whispertruth","","","False","","https://pathfinderwiki.com/wiki/Whispertruth",""
"","Whistledown","","","False","","https://pathfinderwiki.com/wiki/Whistledown",""
"","Whitemound","","","False","","https://pathfinderwiki.com/wiki/PathfinderWiki:Map_Locations_Without_Articles",""
"","Whiterock","","","False","","https://pathfinderwiki.com/wiki/Whiterock",""
"","Whiterook","","","False","","https://pathfinderwiki.com/wiki/Whiterook",""
"","Whitethrone","","","False","","https://pathfinderwiki.com/wiki/Whitethrone",""
"","Wilkesmont","","","False","","https://pathfinderwiki.com/wiki/Wilkesmont",""
"","Willowside","","","False","","https://pathfinderwiki.com/wiki/Willowside",""
"","Winterbreak","","","False","","https://pathfinderwiki.com/wiki/Winterbreak",""
"","Wispil","","","False","","https://pathfinderwiki.com/wiki/Wispil",""
"","Wolf's Ear","","","False","","https://pathfinderwiki.com/wiki/Wolf's_Ear",""
"","Woodsedge","","","False","","https://pathfinderwiki.com/wiki/Woodsedge",""
"","Wyvernsting","","","False","","https://pathfinderwiki.com/wiki/Wyvernsting",""
"","Xer","","","False","","https://pathfinderwiki.com/wiki/Xer",""
"","Xin-Cyrusian","","","False","","https://pathfinderwiki.com/wiki/Xin-Cyrusian",""
"","Xin-Edasseril","","","False","","https://pathfinderwiki.com/wiki/Xin-Edasseril",""
"","Xin-Shalast","","","False","","https://pathfinderwiki.com/wiki/Xin-Shalast",""
"","Xiwu","","","False","","https://pathfinderwiki.com/wiki/Xiwu",""
"","Yalakheen","","","False","","https://pathfinderwiki.com/wiki/Yalakheen",""
"","Yan Tlomíl","","","False","","https://pathfinderwiki.com/wiki/Yan_Tlomíl",""
"","Yanmass","","","False","","https://pathfinderwiki.com/wiki/Yanmass",""
"","Yanti Iñulde","","","False","","https://pathfinderwiki.com/wiki/Yanti_Iñulde",""
"","Yashabaru","","","False","","https://pathfinderwiki.com/wiki/Yashabaru",""
"","Yavipho","","","False","","https://pathfinderwiki.com/wiki/Yavipho",""
"","Yelligo Wharf","","","False","","https://pathfinderwiki.com/wiki/Yelligo_Wharf",""
"","Yemal","","","False","","https://pathfinderwiki.com/wiki/Lost_Yemal",""
"","Yensa","","","False","","https://pathfinderwiki.com/wiki/Yensa",""
"","Yiangma","","","False","","https://pathfinderwiki.com/wiki/Yiangma",""
"","Yin-Sichasi","","","False","","https://pathfinderwiki.com/wiki/Yin-Sichasi",""
"","Yled","","","False","","https://pathfinderwiki.com/wiki/Yled",""
"","Ysborg","","","False","","https://pathfinderwiki.com/wiki/Ysborg",""
"","Ytterjorna","","","False","","https://pathfinderwiki.com/wiki/Ytterjorna",""
"","Zaplava","","","False","","https://pathfinderwiki.com/wiki/Zaplava",""
"","Zeibo","","","False","","https://pathfinderwiki.com/wiki/Zeibo",""
"","Zelen","","","False","","https://pathfinderwiki.com/wiki/Zelen",""
"","Zetang","","","False","","https://pathfinderwiki.com/wiki/Zetang",""
"","Zhenbarghua","","","False","","https://pathfinderwiki.com/wiki/Zhenbarghua",""
"","Zilpatzi","","","False","","https://pathfinderwiki.com/wiki/Zilpatzi",""
"","Zimar","","","False","","https://pathfinderwiki.com/wiki/Zimar",""
"","Ziplatna","","","False","","https://pathfinderwiki.com/wiki/Ziplatna",""
"","Zlatomesto","","","False","","https://pathfinderwiki.com/wiki/Zlatomesto",""
"","Zom Kullan","","","False","","https://pathfinderwiki.com/wiki/Zom_Kullan",""
"","Ñarula","","","False","","https://pathfinderwiki.com/wiki/Ñarula",""
